{"cameraMode":{"drawMode":0,"name":"Shaded","section":"Shading Mode"},"sceneLighting":false,"audioPlay":false,"sceneViewState":{"showFog":true,"showMaterialUpdate":false,"showSkybox":false,"showFlares":true,"showImageEffects":true,"showParticleSystems":true},"in2DMode":false,"pivot":{"x":-0.4268639087677002,"y":0.32640695571899416,"z":-0.5634303092956543},"rotation":{"x":0.3872760236263275,"y":-0.27885860204696658,"z":0.12413246929645539,"w":0.8699691295623779},"size":22.0,"orthographic":false}